long1,lat,id1,statename,pcname,m_electors,f_electors,t_electors,m_voters,f_voters,t_voters,party1,sex_ratio_e,f_vote_turnout,m_vote_turnout,color,l_t,l_t1
78.551529,17.530567,43,Andhra Pradesh,Malkajgiri,1723261,1459417,3183083,877156,741285,1618441,TDP,847,50.799999,50.900002,yellow,10,13.469517
77.533081,12.981676,196,Karnataka,Bangalore North,1260356,1140751,2401472,720898,634569,1355485,BJP,905,55.599998,57.200001,#E69F19,10,10.162056
77.505547,28.709057,432,Uttar Pradesh,Ghaziabad,1333055,1024455,2357553,781962,559856,1341818,BJP,769,54.599998,58.700001,#E69F19,10,9.9762087
77.070831,28.767876,114,NCT OF Delhi,NORTH WEST DELHI,1212516,981633,2194343,757777,595362,1353181,BJP,810,60.700001,62.5,#E69F19,10,9.2855701
77.316238,12.7359,194,Karnataka,Bangalore Rural,1135853,1054284,2190398,758651,696340,1455003,INC,928,66,66.800003,#04C4FC,10,9.2688761
77.985161,17.260582,8,Andhra Pradesh,CHELVELLA,1153061,1031897,2185164,695012,617108,1312120,TRS,895,59.799999,60.299999,#ff3399,10,9.2467279
80.564621,26.608021,490,Uttar Pradesh,Unnao,1194394,969919,2164392,673666,526266,1199936,BJP,812,54.299999,56.400002,#E69F19,10,9.1588297
75.782021,22.80172,237,Madhya Pradesh,INDORE,1106595,1008635,2115303,736204,579670,1315896,BJP,911,57.5,66.5,#E69F19,10,8.9511042
72.896347,19.267996,300,Maharashtra,Thane,1141737,931467,2073251,590956,462684,1053658,SHS,816,49.700001,51.799999,#EC5B13,10,8.7731571
76.995346,28.587568,113,NCT OF Delhi,WEST DELHI,1108886,930409,2039410,742213,603424,1345645,BJP,839,64.900002,66.900002,#E69F19,10,8.6299562
77.593437,12.92433,208,Karnataka,Bangalore South,1050737,947667,1998724,596688,516207,1112914,BJP,902,54.5,56.799999,#E69F19,10,8.4577894
77.662315,28.355934,498,Uttar Pradesh,Gautam Buddha Nagar,1105732,880377,1986109,707052,491342,1198394,BJP,796,55.799999,63.900002,#E69F19,10,8.4044075
79.844933,27.975739,439,Uttar Pradesh,Shahjahanpur,1100020,879139,1979294,663380,464707,1128087,BJP,799,52.900002,60.299999,#E69F19,10,8.3755693
75.738571,26.823692,370,Rajasthan,Jaipur,1047469,910349,1957820,714851,578288,1293139,BJP,869,63.5,68.199997,#E69F19,10,8.2847004
77.236855,28.722105,116,NCT OF Delhi,NORTH EAST DELHI,1079407,878183,1957708,738979,574789,1313796,BJP,814,65.5,68.5,#E69F19,10,8.2842264
77.330696,23.46018,246,Madhya Pradesh,BHOPAL,1039153,918021,1957241,639634,490428,1130069,BJP,883,53.400002,61.599998,#E69F19,10,8.2822504
73.37529,18.871851,278,Maharashtra,Maval,1035961,917770,1953741,646904,527044,1173949,SHS,886,57.400002,62.400002,#EC5B13,10,8.2674398
85.455864,25.220821,80,Bihar,Nalanda,1036575,915392,1951967,503039,418609,921648,JD(U),883,45.700001,48.5,red,10,8.2599325
80.933548,26.861111,492,Uttar Pradesh,Lucknow,1052171,897693,1949956,580513,450547,1031060,BJP,853,50.200001,55.200001,#E69F19,10,8.2514229
80.0121,12.95183,388,Tamil Nadu,Sriperumbudur,982862,963377,1946503,665892,620230,1286127,ADMK,980,64.400002,67.800003,red,10,8.2368116
85.304382,25.502337,86,Bihar,Patna Sahib,1052278,893885,1946249,510480,369747,880227,BJP,849,41.400002,48.5,#E69F19,10,8.2357368
78.679207,24.945354,482,Uttar Pradesh,Jhansi,1034112,897888,1932052,734228,586213,1320441,BJP,868,65.300003,71,#E69F19,10,8.1756611
77.692497,12.992895,209,Karnataka,Bangalore central,1010478,920679,1931456,573657,500273,1073957,BJP,911,54.299999,56.799999,#E69F19,10,8.1731386
91.408043,26.082952,58,Assam,Gauhati,988067,934203,1922270,784535,727081,1511616,BJP,945,77.800003,79.400002,#E69F19,10,8.1342669
73.11689,19.186272,307,Maharashtra,Kalyan,1044943,876995,1922034,472077,352517,824652,SHS,839,40.200001,45.200001,#EC5B13,10,8.1332684
81.899414,25.559696,485,Uttar Pradesh,Phulpur,1063897,849194,1913275,541264,418152,959420,BJP,798,49.200001,50.900002,#E69F19,10,8.0962038
81.880905,21.422146,101,Chhattisgarh,RAIPUR,979589,924588,1904460,659154,591606,1250760,,944,64,67.300003,red,10,8.0589027
83.053795,26.676167,466,Uttar Pradesh,Sant Kabir Nagar,1045424,858808,1904315,521201,490916,1012117,BJP,821,57.200001,49.900002,#E69F19,10,8.0582886
83.324791,26.828362,494,Uttar Pradesh,Gorakhpur,1055209,848621,1903988,582909,457008,1039934,BJP,804,53.900002,55.200001,#E69F19,10,8.0569048
73.35894,25.981628,366,Rajasthan,Pali,998413,903678,1902094,578674,512314,1090988,BJP,905,56.700001,58,#E69F19,10,8.0488901
79.082809,21.144718,311,Maharashtra,Nagpur,980485,920265,1900784,578754,504850,1083604,BJP,939,54.900002,59,#E69F19,10,8.0433474
78.478203,17.40822,11,Andhra Pradesh,Secundrabad,1012740,880779,1893741,546289,457397,1003689,BJP,870,51.900002,53.900002,#E69F19,10,8.0135441
82.710014,25.585442,484,Uttar Pradesh,Machhlishahr,1026789,865121,1891969,512798,483995,996793,BJP,843,55.900002,49.900002,#E69F19,10,8.0060453
83.640236,26.006691,471,Uttar Pradesh,Ghosi,1040033,850934,1891112,547380,492131,1039511,BJP,818,57.799999,52.599998,#E69F19,10,8.0024195
86.42289,23.703695,169,Jharkhand,Dhanbad,1032038,857981,1890021,642557,501332,1143889,BJP,831,58.400002,62.299999,#E69F19,10,7.9978027
79.376648,26.007498,430,Uttar Pradesh,Jalaun,1037570,849595,1887189,632802,476033,1108846,BJP,819,56,61,#E69F19,10,7.9858189
77.958435,25.810183,238,Madhya Pradesh,GWALIOR,1023937,852908,1876965,594606,395609,990230,BJP,833,46.400002,58.099998,#E69F19,10,7.942555
81.463669,21.491745,105,Chhattisgarh,DURG,948929,909771,1858922,661165,597929,1259094,,959,65.699997,69.699997,red,10,7.8662043
82.492744,25.850483,477,Uttar Pradesh,Jaunpur,1002938,845831,1848842,527140,479177,1006317,BJP,843,56.700001,52.599998,#E69F19,10,7.8235497
74.561119,33.14286,177,Jammu & Kashmir,Jammu,977308,870834,1848155,665098,587601,1252699,BJP,891,67.5,68.099998,#E69F19,10,7.8206425
76.904137,28.158443,160,Haryana,Gurgaon,984370,860536,1844906,727100,593187,1320287,BJP,874,68.900002,73.900002,#E69F19,10,7.8068943
80.894325,26.933798,464,Uttar Pradesh,Mohanlalganj,995313,842841,1838194,637851,476997,1114848,BJP,847,56.599998,64.099998,#E69F19,10,7.7784915
73.881729,18.546526,308,Maharashtra,Pune,949561,886266,1835835,533792,459588,993382,BJP,933,51.900002,56.200001,#E69F19,10,7.7685094
82.340363,25.392267,486,Uttar Pradesh,Bhadohi,1016000,818442,1834598,527390,454368,981760,BJP,806,55.5,51.900002,#E69F19,10,7.7632747
77.292152,28.604534,118,NCT OF Delhi,EAST DELHI,1023325,806102,1829578,676930,518463,1195428,BJP,788,64.300003,66.199997,#E69F19,10,7.7420321
72.394928,24.987535,363,Rajasthan,Jalore,964046,860922,1824968,581247,506374,1087621,BJP,893,58.799999,60.299999,#E69F19,10,7.7225246
80.401802,22.705734,257,Madhya Pradesh,MANDLA,926166,898514,1824702,641219,575693,1216914,BJP,970,64.099998,69.199997,#E69F19,10,7.7213988
84.543678,25.469048,76,Bihar,Arrah,1016299,808210,1824515,517499,375555,893054,BJP,795,46.5,50.900002,#E69F19,10,7.7206078
73.990791,18.915007,276,Maharashtra,Shirur,973132,850960,1824112,613290,475412,1088702,SHS,874,55.900002,63,#EC5B13,10,7.7189021
78.478775,17.356205,42,Andhra Pradesh,Hyderabad,960480,862516,1823217,525811,445415,971226,AIMIM,898,51.599998,54.700001,red,10,7.7151151
74.52021,24.577301,369,Rajasthan,Chittorgarh,929217,890287,1819506,630617,539259,1169876,BJP,958,60.599998,67.900002,#E69F19,10,7.6994114
73.718689,24.297586,372,Rajasthan,Udaipur,930007,887933,1817940,599307,589859,1189166,BJP,955,66.400002,64.400002,#E69F19,10,7.6927848
78.24704,27.37204,497,Uttar Pradesh,Agra,1003777,810896,1814739,621497,448004,1069503,BJP,808,55.200001,61.900002,#E69F19,10,7.6792397
74.211212,18.29352,297,Maharashtra,Baramati,960395,853153,1813553,602117,463496,1065613,NCP,888,54.299999,62.700001,blue,10,7.674221
79.693695,26.879986,491,Uttar Pradesh,Kannauj,1000035,808799,1808886,629125,484744,1113869,SP,809,59.900002,62.900002,green,10,7.6544719
83.982323,26.624756,465,Uttar Pradesh,Deoria,997314,809319,1806926,508083,462357,970443,BJP,811,57.099998,50.900002,#E69F19,10,7.6461782
80.806992,25.873335,476,Uttar Pradesh,Fatehpur,985898,818821,1804753,574629,481306,1055940,BJP,831,58.799999,58.299999,#E69F19,10,7.6369829
76.47422,19.396156,279,Maharashtra,Parbhani,945901,857880,1803792,637677,523946,1161624,SHS,907,61.099998,67.400002,#EC5B13,10,7.6329165
83.472435,25.595512,483,Uttar Pradesh,Ghazipur,983352,818105,1801519,528986,457272,986259,BJP,832,55.900002,53.799999,#E69F19,10,7.6232977
80.222801,12.954308,384,Tamil Nadu,Chennai South,901211,894252,1795776,556403,527433,1083847,ADMK,992,59,61.700001,red,10,7.5989957
78.049622,28.001917,441,Uttar Pradesh,Aligarh,965995,827010,1793126,596880,467715,1064597,BJP,856,56.599998,61.799999,#E69F19,10,7.5877824
75.839211,18.9468,277,Maharashtra,Beed,963569,829083,1792652,680369,551091,1231460,BJP,860,66.5,70.599998,#E69F19,10,7.5857763
82.178528,27.614986,496,Uttar Pradesh,Shrawasti,976415,811613,1788080,559351,420598,979951,BJP,831,51.799999,57.299999,#E69F19,10,7.5664296
82.640617,26.826399,495,Uttar Pradesh,Basti,962508,824831,1787476,549704,498809,1048521,BJP,857,60.5,57.099998,#E69F19,10,7.5638738
72.840561,19.212572,301,Maharashtra,Mumbai North,972753,811110,1783870,527247,418394,945642,BJP,834,51.599998,54.200001,#E69F19,10,7.5486145
86.130844,25.495287,75,Bihar,Begusarai,949825,828874,1778759,545214,532151,1077365,BJP,873,64.199997,57.400002,#E69F19,10,7.5269866
72.854828,19.13846,302,Maharashtra,Mumbai North West,986704,788712,1775416,504202,393043,897245,SHS,799,49.799999,51.099998,#EC5B13,10,7.5128407
78.678688,29.203663,500,Uttar Pradesh,Moradabad,961935,810050,1771985,626722,499370,1126092,BJP,842,61.599998,65.199997,#E69F19,10,7.498322
75.367752,27.547125,354,Rajasthan,Sikar,943691,826191,1769882,552960,507618,1060578,BJP,875,61.400002,58.599998,#E69F19,10,7.4894228
78.803673,28.200556,438,Uttar Pradesh,Badaun,978040,791044,1769145,595106,431771,1026884,SP,809,54.599998,60.799999,green,10,7.4863043
80.195877,26.301033,462,Uttar Pradesh,Akbarpur,977669,790872,1768635,559566,411414,970980,BJP,809,52,57.200001,#E69F19,10,7.4841461
84.048668,25.734211,481,Uttar Pradesh,Ballia,973384,794830,1768271,517773,423406,941182,BJP,817,53.299999,53.200001,#E69F19,10,7.4826059
82.869148,25.293262,493,Uttar Pradesh,Varanasi,985395,781000,1766487,593071,436735,1029816,BJP,793,55.900002,60.200001,#E69F19,10,7.4750566
72.938873,20.903177,140,Gujarat,Navsari,972090,792480,1764622,644265,512736,1157014,BJP,815,64.699997,66.300003,#E69F19,10,7.467165
77.796623,28.860558,428,Uttar Pradesh,Meerut,971956,792318,1764388,631761,479781,1111542,BJP,815,60.599998,65,#E69F19,10,7.4661746
82.87439,27.275167,448,Uttar Pradesh,Domariyaganj,961957,799313,1761415,490089,444938,935027,BJP,831,55.700001,50.900002,#E69F19,10,7.4535942
83.553062,26.43931,460,Uttar Pradesh,Bansgaon,980235,779762,1760090,459714,417437,877152,BJP,795,53.5,46.900002,#E69F19,10,7.4479871
76.315681,21.925396,261,Madhya Pradesh,KHANDWA,912764,846610,1759417,677300,578287,1255596,BJP,928,68.300003,74.199997,#E69F19,10,7.4451394
76.085365,18.17989,281,Maharashtra,Osmanabad,934227,824943,1759186,611537,505020,1116572,SHS,883,61.200001,65.5,#EC5B13,10,7.4441619
78.146004,27.681257,447,Uttar Pradesh,Hathras,969908,788925,1758927,596865,452373,1049240,BJP,813,57.299999,61.5,#E69F19,10,7.4430656
74.152138,16.302734,299,Maharashtra,Kolhapur,909286,849002,1758293,663565,595421,1258986,NCP,934,70.099998,73,blue,10,7.440383
77.80471,20.263748,310,Maharashtra,Yavatmal-Washim,921276,834010,1755292,564176,467163,1031339,SHS,905,56,61.200001,#EC5B13,10,7.4276838
74.869705,25.497847,364,Rajasthan,Bhilwara,904045,850856,1754901,580533,521628,1102161,BJP,941,61.299999,64.199997,#E69F19,10,7.4260297
74.737114,28.556276,349,Rajasthan,Churu,928059,825765,1753825,598297,529280,1127578,BJP,890,64.099998,64.5,#E69F19,10,7.4214764
79.019547,19.974554,290,Maharashtra,Chandrapur,921095,832595,1753690,602269,506480,1108749,BJP,904,60.799999,65.400002,#E69F19,10,7.4209051
77.202087,28.48518,117,NCT OF Delhi,SOUTH DELHI,1005299,747322,1752748,639042,462222,1101277,BJP,743,61.900002,63.599998,#E69F19,10,7.4169188
76.015938,25.236553,365,Rajasthan,Kota,913387,831152,1744539,632156,518136,1150292,BJP,910,62.299999,69.199997,#E69F19,10,7.3821816
82.624298,21.747662,100,Chhattisgarh,JANJGIR-CHAMPA,895884,848077,1744201,558932,514393,1073325,,947,60.700001,62.400002,red,10,7.3807516
83.535324,27.201141,451,Uttar Pradesh,Maharajganj,946234,796767,1743131,549757,510481,1060238,BJP,842,64.099998,58.099998,#E69F19,10,7.3762236
77.332939,28.158781,161,Haryana,Faridabad,969407,770945,1740352,651241,479430,1130671,BJP,795,62.200001,67.199997,#E69F19,10,7.3644638
81.831795,26.732262,467,Uttar Pradesh,Faizabad,936036,802604,1738701,558076,464473,1022558,BJP,857,57.900002,59.599998,#E69F19,10,7.3574777
81.496208,25.592339,480,Uttar Pradesh,Kaushambi,954848,783372,1738509,491070,418758,909828,BJP,820,53.5,51.400002,#E69F19,10,7.3566651
79.912254,25.588947,479,Uttar Pradesh,Hamirpur,949328,788636,1737993,550111,427480,977593,BJP,831,54.200001,57.900002,#E69F19,10,7.3544817
72.864296,19.074545,304,Maharashtra,Mumbai North central,967468,769592,1737084,472010,372857,844867,BJP,795,48.400002,48.799999,#E69F19,10,7.3506351
78.091934,28.381691,434,Uttar Pradesh,Bulandshahr,930827,805499,1736436,549613,459467,1009095,BJP,865,57,59,#E69F19,10,7.3478932
84.95311,25.462822,84,Bihar,Pataliputra,934086,801923,1736074,553018,423797,976815,BJP,859,52.799999,59.200001,#E69F19,10,7.3463612
82.00811,24.16551,239,Madhya Pradesh,SIDHI,915799,820208,1736048,547499,441120,988619,BJP,896,53.799999,59.799999,#E69F19,10,7.346251
72.347931,22.983776,145,Gujarat,Gandhinagar,900744,833210,1733972,617164,511490,1128656,BJP,925,61.400002,68.5,#E69F19,10,7.3374662
81.944496,22.236969,103,Chhattisgarh,BILASPUR,891316,837889,1729229,573078,516910,1089988,,940,61.700001,64.300003,red,10,7.3173962
72.259468,26.972548,353,Rajasthan,Jodhpur,910621,817170,1727791,596225,475258,1071483,BJP,897,58.200001,65.5,#E69F19,10,7.3113108
74.935959,17.836735,265,Maharashtra,Madha,912715,814603,1727322,594868,483305,1078173,NCP,893,59.299999,65.199997,blue,10,7.3093262
86.764038,25.803692,74,Bihar,Madhepura,899152,826507,1725693,508782,525869,1034651,RJD,919,63.599998,56.599998,red,10,7.302433
80.347122,27.090208,455,Uttar Pradesh,Misrikh,948316,777207,1725589,574416,423674,998090,BJP,820,54.5,60.599998,#E69F19,10,7.3019929
75.984032,12.322643,198,Karnataka,Mysore,867893,855100,1723134,596311,561022,1157346,BJP,985,65.599998,68.699997,#E69F19,10,7.2916045
83.254631,17.920902,40,Andhra Pradesh,Visakhapatnam,874909,847941,1723011,583232,576946,1160178,BJP,969,68,66.699997,#E69F19,10,7.2910838
76.908173,17.106039,183,Karnataka,Gulbarga,878311,843454,1721990,522778,474347,997125,INC,960,56.200001,59.5,#04C4FC,10,7.2867637
81.27655,26.958258,456,Uttar Pradesh,Barabanki,925944,795265,1721278,611146,457015,1068161,BJP,859,57.5,66,#E69F19,10,7.2837505
82.619194,24.985413,474,Uttar Pradesh,Mirzapur,938504,782028,1720661,557612,449962,1007581,AD,833,57.5,59.400002,red,10,7.2811399
77.157768,11.015341,379,Tamil Nadu,Coimbatore,869033,851127,1720221,608444,565861,1174312,ADMK,979,66.5,70,red,10,7.2792778
73.994804,17.622574,266,Maharashtra,Satara,883947,836051,1719998,519148,456561,975709,NCP,946,54.599998,58.700001,blue,10,7.2783341
86.161781,25.267544,88,Bihar,Munger,937897,782040,1719984,505931,408329,914268,LJP,834,52.200001,53.900002,red,10,7.278275
82.521217,26.457308,487,Uttar Pradesh,Ambedkar Nagar,923552,795143,1718774,541195,493159,1034355,BJP,861,62,58.599998,#E69F19,10,7.2731547
73.910225,29.502329,367,Rajasthan,Ganganagar,909749,808665,1718414,678212,573241,1251453,BJP,889,70.900002,74.5,#E69F19,10,7.2716312
81.954285,25.920546,478,Uttar Pradesh,Pratapgarh,923411,792852,1716394,454891,437808,892732,AD,859,55.200001,49.299999,red,10,7.2630835
80.046471,27.451101,446,Uttar Pradesh,Hardoi,939831,774501,1714388,565516,407349,972865,BJP,824,52.599998,60.200001,#E69F19,10,7.2545948
81.763252,27.169792,453,Uttar Pradesh,Kaiserganj,928269,783633,1711967,527027,415386,942413,BJP,844,53,56.799999,#E69F19,10,7.24435
79.951736,23.171768,256,Madhya Pradesh,JABALPUR,898045,813502,1711621,558905,443227,1002132,BJP,906,54.5,62.200001,#E69F19,10,7.2428861
82.23246,27.125063,454,Uttar Pradesh,Gonda,935167,775608,1710825,487483,384938,872422,BJP,829,49.599998,52.099998,#E69F19,10,7.2395177
75.997246,26.168852,356,Rajasthan,TONK-SAWAI MADHOPUR,910730,800045,1710775,583732,459375,1043107,BJP,878,57.400002,64.099998,#E69F19,10,7.239306
75.214661,20.80406,267,Maharashtra,Jalgaon,909058,798886,1707969,550503,439312,989821,BJP,879,55,60.599998,#E69F19,10,7.2274323
79.35527,26.582813,468,Uttar Pradesh,Etawah,938271,768913,1707237,529547,408334,937881,BJP,819,53.099998,56.400002,#E69F19,10,7.2243347
74.847092,18.976629,294,Maharashtra,Ahmadnagar,902928,802016,1705005,594749,465801,1060551,BJP,888,58.099998,65.900002,#E69F19,10,7.21489
82.210625,26.252638,469,Uttar Pradesh,Sultanpur,910134,793521,1703698,499563,465648,965211,BJP,872,58.700001,54.900002,#E69F19,10,7.2093592
75.324112,21.853849,255,Madhya Pradesh,KHARGONE,866905,836341,1703272,613926,537792,1151722,BJP,965,64.300003,70.800003,#E69F19,10,7.2075562
83.232155,26.058123,459,Uttar Pradesh,Azamgarh,941447,761573,1703121,504375,455380,959755,SP,809,59.799999,53.599998,green,10,7.2069173
80.187927,24.348469,260,Madhya Pradesh,KHAJURAHO,907340,795472,1702833,517233,357041,874283,BJP,877,44.900002,57,#E69F19,10,7.205699
80.031761,13.249762,398,Tamil Nadu,Thiruvallur,852794,849777,1702833,644387,609702,1254112,ADMK,996,71.699997,75.599998,red,10,7.205699
75.780174,17.595493,270,Maharashtra,Solapur,893734,808990,1702739,526695,423356,950051,BJP,905,52.299999,58.900002,#E69F19,10,7.2053008
74.63401,22.802206,248,Madhya Pradesh,RATLAM,860924,841625,1702576,569214,511452,1080666,BJP,978,60.799999,66.099998,#E69F19,10,7.2046113
77.382759,26.03931,258,Madhya Pradesh,MORENA,938787,763635,1702457,538721,315516,854238,BJP,813,41.299999,57.400002,#E69F19,10,7.2041078
74.029434,25.950495,362,Rajasthan,Rajsamand,880398,820791,1701194,506425,471078,977503,BJP,932,57.400002,57.5,#E69F19,10,7.1987634
75.867996,27.254362,373,Rajasthan,Jaipur Rural,906858,793449,1700307,556476,452621,1009097,BJP,875,57,61.400002,#E69F19,10,7.1950097
74.184593,23.564957,371,Rajasthan,Banswara,866441,831800,1698244,578240,590772,1169012,BJP,960,71,66.699997,#E69F19,10,7.1862798
75.455299,28.079002,351,Rajasthan,Jhunjhunu,894068,803402,1697470,521812,479727,1001539,BJP,899,59.700001,58.400002,#E69F19,10,7.1830049
73.344452,19.425438,286,Maharashtra,Bhiwandi,945521,751031,1696584,502705,372339,875044,BJP,794,49.599998,53.200001,#E69F19,10,7.1792555
85.607689,24.845135,78,Bihar,Nawada,897821,797019,1694895,478247,406136,884383,BJP,888,51,53.299999,#E69F19,7.5,7.1721082
78.677353,28.614992,427,Uttar Pradesh,Sambhal,931603,761516,1693229,599491,456319,1055817,BJP,817,59.900002,64.400002,#E69F19,7.5,7.1650586
77.094482,30.404091,152,Haryana,Ambala,909641,782783,1692424,667712,551882,1219594,BJP,861,70.5,73.400002,#E69F19,7.5,7.1616521
77.074936,27.317186,357,Rajasthan,BHARATPUR,910990,779714,1690705,547046,413081,960127,BJP,856,53,60,#E69F19,7.5,7.1543779
77.516541,18.875555,309,Maharashtra,Nanded,878520,808528,1687057,548032,462233,1010265,INC,920,57.200001,62.400002,#04C4FC,7.5,7.1389413
76.879189,18.528772,296,Maharashtra,Latur,902170,784780,1686957,576599,477934,1054533,BJP,870,60.900002,63.900002,#E69F19,7.5,7.1385179
87.134995,25.285322,87,Bihar,Bhagalpur,895185,790098,1685339,522417,451535,973953,RJD,883,57.099998,58.400002,red,7.5,7.1316714
88.347687,22.497843,522,West Bengal,Kolkata Dakshin,890251,795037,1685296,626618,540007,1166625,AITC,893,67.900002,70.400002,green,7.5,7.1314893
76.905319,29.568861,155,Haryana,Karnal,913321,771000,1684321,666729,526629,1193358,BJP,844,68.300003,73,#E69F19,7.5,7.1273637
74.931084,26.340565,359,Rajasthan,Ajmer,869322,813938,1683261,613187,540384,1153571,BJP,936,66.400002,70.5,#E69F19,7.5,7.1228781
77.628334,27.596436,444,Uttar Pradesh,Mathura,931944,750142,1682260,619776,457879,1077656,BJP,805,61,66.5,#E69F19,7.5,7.1186423
83.841812,26.924599,457,Uttar Pradesh,Kushi Nagar,930637,750240,1680992,505771,444293,950064,BJP,806,59.200001,54.299999,#E69F19,7.5,7.1132765
71.035995,26.399237,358,Rajasthan,Barmer,896867,783282,1680152,653991,562013,1216004,BJP,873,71.800003,72.900002,#E69F19,7.5,7.1097221
80.677299,28.22879,435,Uttar Pradesh,Kheri,904863,774542,1679466,606219,471614,1077848,BJP,856,60.900002,67,#E69F19,7.5,7.1068192
74.19783,27.166082,355,Rajasthan,Nagaur,886728,791932,1678660,531452,469913,1001365,BJP,893,59.299999,59.900002,#E69F19,7.5,7.1034083
79.08757,21.176285,272,Maharashtra,Ramtek,887228,790024,1677266,576271,473007,1049278,SHS,890,59.900002,65,#EC5B13,7.5,7.0975094
74.535225,20.88525,283,Maharashtra,Dhule,879332,796027,1675367,540775,438455,979230,BJP,905,55.099998,61.5,#E69F19,7.5,7.0894737
74.329376,21.407543,273,Maharashtra,Nandurbar,852313,820622,1672943,583431,530953,1114384,BJP,963,64.699997,68.5,#E69F19,7.5,7.0792165
77.016235,20.599836,268,Maharashtra,Akola,882014,790609,1672643,543956,433633,977589,BJP,896,54.799999,61.700001,#E69F19,7.5,7.0779471
79.915344,28.573158,433,Uttar Pradesh,Pilibhit,903414,767687,1671154,586095,464229,1050342,BJP,850,60.5,64.900002,#E69F19,7.5,7.0716462
76.489487,24.677259,361,Rajasthan,JHALAWAR-BARAN,868979,800865,1669844,635617,510625,1146242,BJP,922,63.799999,73.099998,#E69F19,7.5,7.0661025
81.633698,26.277506,461,Uttar Pradesh,Amethi,890648,779148,1669843,461524,413341,874865,INC,875,53.099998,51.799999,#04C4FC,7.5,7.0660987
76.74501,12.60028,200,Karnataka,Mandya,839052,830121,1669262,604491,587306,1191805,JD(S),989,70.699997,72,red,7.5,7.0636401
75.18483,22.496044,236,Madhya Pradesh,DHAR,858093,810302,1668441,586698,489232,1075930,BJP,944,60.400002,68.400002,#E69F19,7.5,7.0601659
86.338081,26.401941,66,Bihar,Jhanjharpur,895570,772835,1668405,450499,490640,941139,BJP,863,63.5,50.299999,#E69F19,7.5,7.0600133
72.921539,19.144129,303,Maharashtra,Mumbai North East,923016,745254,1668357,485677,375903,861638,BJP,807,50.400002,52.599998,#E69F19,7.5,7.0598102
81.945656,25.137699,473,Uttar Pradesh,Allahabad,917403,749001,1666569,506755,384075,890833,BJP,816,51.299999,55.200001,#E69F19,7.5,7.0522442
79.447487,28.522087,436,Uttar Pradesh,Bareilly,911264,752773,1664081,574826,441899,1016728,BJP,826,58.700001,63.099998,#E69F19,7.5,7.0417161
84.027626,26.09012,470,Uttar Pradesh,Salempur,904632,756980,1661737,450187,404269,854457,BJP,837,53.400002,49.799999,#E69F19,7.5,7.0317974
76.894463,16.339323,186,Karnataka,Raichur,835969,825327,1661606,501122,467391,968513,INC,987,56.599998,59.900002,#04C4FC,7.5,7.0312428
82.92469,26.033089,429,Uttar Pradesh,Lalganj,906738,754613,1661470,456872,441988,898860,BJP,832,58.599998,50.400002,#E69F19,7.5,7.0306673
76.649742,14.127404,202,Karnataka,Chitradurga,844869,816317,1661277,572567,524303,1096871,INC,966,64.199997,67.800003,#04C4FC,7.5,7.0298505
75.215034,29.606947,154,Haryana,Sirsa,886303,774254,1660557,692765,586098,1278863,INLD,874,75.699997,78.199997,red,7.5,7.026804
77.643356,13.416919,190,Karnataka,Chikkballapur,843790,814500,1658410,652727,608718,1261451,INC,965,74.699997,77.400002,#04C4FC,7.5,7.0177188
71.693916,22.744522,139,Gujarat,Surendranagar,877745,778910,1656657,539246,399328,938575,BJP,887,51.299999,61.400002,#E69F19,7.5,7.0103006
79.927292,21.145067,274,Maharashtra,Bhandara - gondiya,841257,814592,1655852,615597,580693,1196291,BJP,968,71.300003,73.199997,#E69F19,7.5,7.0068941
70.911438,22.368584,138,Gujarat,Rajkot,864760,790949,1655717,590854,461740,1052595,BJP,915,58.400002,68.300003,#E69F19,7.5,7.0063229
84.377312,26.442745,63,Bihar,Gopalganj (SC),871590,783212,1654838,444922,458639,903561,BJP,899,58.599998,51,#E69F19,7.5,7.0026035
79.325333,28.107628,437,Uttar Pradesh,Aonla,917053,736487,1653577,572213,422483,994700,BJP,803,57.400002,62.400002,#E69F19,7.5,6.9972672
79.057884,27.122322,452,Uttar Pradesh,Mainpuri,900568,752461,1653058,579581,418952,998538,SP,836,55.700001,64.400002,green,7.5,6.9950709
79.297638,23.865664,242,Madhya Pradesh,DAMOH,882818,768760,1651614,558821,354514,913336,BJP,871,46.099998,63.299999,#E69F19,7.5,6.9889607
85.361748,25.718819,93,Bihar,Hajipur (SC),895047,754452,1649547,478157,425876,904033,LJP,843,56.400002,53.400002,red,7.5,6.9802141
74.897446,17.129776,269,Maharashtra,Sangli,861582,787493,1649107,556695,486169,1042869,BJP,914,61.700001,64.599998,#E69F19,7.5,6.9783521
85.589569,23.293884,174,Jharkhand,Ranchi,868528,779930,1648459,562384,487221,1049605,BJP,898,62.5,64.800003,#E69F19,7.5,6.9756103
83.877068,24.163893,167,Jharkhand,Palamau,889932,756024,1645957,523108,453494,976602,BJP,850,60,58.799999,#E69F19,7.5,6.9650226
78.037186,29.948215,417,Uttarakhand,Hardwar,888328,754505,1642873,637480,535871,1173352,BJP,849,71,71.800003,#E69F19,7.5,6.9519725
84.674919,26.065668,73,Bihar,Maharajganj,874822,767218,1642068,420232,426095,846327,BJP,877,55.5,48,#E69F19,7.5,6.948566
84.025467,25.41452,85,Bihar,Buxar,877699,762929,1640671,494435,394512,888947,BJP,869,51.700001,56.299999,#E69F19,7.5,6.9426546
85.94046,24.367521,170,Jharkhand,Kodarma,870003,769641,1639645,535308,489593,1024901,BJP,885,63.599998,61.5,#E69F19,7.5,6.938313
83.083405,24.495163,475,Uttar Pradesh,Robertsganj,901147,737885,1639074,498085,387542,885628,BJP,819,52.5,55.299999,#E69F19,7.5,6.9358964
81.436508,27.832838,440,Uttar Pradesh,Bahraich,882643,755897,1638640,522529,411550,934081,BJP,856,54.400002,59.200001,#E69F19,7.5,6.9340601
73.293213,22.45323,134,Gujarat,Vadodara,849077,789218,1638321,621926,533715,1155656,BJP,930,67.599998,73.199997,#E69F19,7.5,6.9327102
78.533318,27.181259,450,Uttar Pradesh,Firozabad,902532,734206,1636738,643026,461542,1104568,SP,813,62.900002,71.199997,green,7.5,6.9260116
77.695953,23.150297,247,Madhya Pradesh,VIDISHA,872100,761915,1634039,619102,453345,1072447,BJP,874,59.5,71,#E69F19,7.5,6.9145904
74.178123,16.906706,282,Maharashtra,Hatkanangle,850721,779846,1630604,630470,556249,1186727,SWP,917,71.300003,74.099998,red,7.5,6.9000549
88.275749,22.989513,536,West Bengal,Hooghly,836584,793445,1630042,696614,650941,1347556,AITC,948,82,83.300003,green,7.5,6.8976769
80.123329,21.926638,234,Madhya Pradesh,BALAGHAT,822670,807049,1629741,570388,540968,1111356,BJP,981,67,69.300003,#E69F19,7.5,6.8964033
71.938522,23.845018,131,Gujarat,Patan,846195,782446,1628641,525799,423880,949679,BJP,925,54.200001,62.099998,#E69F19,7.5,6.8917484
85.921242,26.372381,69,Bihar,Madhubani,878017,749809,1627832,413708,446640,860348,BJP,854,59.599998,47.099998,#E69F19,7.5,6.8883247
83.559326,22.408606,107,Chhattisgarh,RAIGARH,819043,807906,1626949,631470,614665,1246135,,986,76.099998,77.099998,red,7.5,6.8845882
75.273979,24.317499,251,Madhya Pradesh,MANDSOUR,838141,788383,1626556,639978,520386,1160374,BJP,941,66,76.400002,#E69F19,7.5,6.8829255
76.607841,27.937395,352,Rajasthan,Alwar,870044,756398,1626442,585823,473846,1059669,BJP,869,62.599998,67.300003,#E69F19,7.5,6.882443
88.185043,22.689034,537,West Bengal,Srerampur,847931,776093,1624038,680999,608386,1289387,AITC,915,78.400002,80.300003,green,7.5,6.8722701
75.953094,16.793722,184,Karnataka,Bijapur,847815,774643,1622635,521090,445637,966734,BJP,914,57.5,61.5,#E69F19,7.5,6.8663335
76.38546,23.247999,244,Madhya Pradesh,DEWAS,843528,773563,1617111,653540,489442,1142982,BJP,917,63.299999,77.5,#E69F19,7.5,6.842958
79.105476,28.795481,431,Uttar Pradesh,Rampur,872075,744534,1616972,528149,430146,958303,BJP,854,57.799999,60.599998,#E69F19,7.5,6.84237
73.163689,23.659346,129,Gujarat,Sabarkantha,833521,782318,1615840,583583,502387,1085970,BJP,939,64.199997,70,#E69F19,7.5,6.8375797
73.413101,21.229404,123,Gujarat,Bardoli,829648,784448,1614106,636398,567973,1204371,BJP,946,72.400002,76.699997,#E69F19,7.5,6.8302422
79.377556,27.443762,445,Uttar Pradesh,Farrukhabad,891793,721921,1613781,560618,409931,970549,BJP,810,56.799999,62.900002,#E69F19,7.5,6.828867
89.374557,26.271124,530,West Bengal,Cooch behar,848641,764757,1613403,687125,642008,1329133,AITC,901,83.900002,81,green,7.5,6.8272672
77.404427,21.254562,271,Maharashtra,Amravati,848217,764503,1612739,554649,446414,1001063,SHS,901,58.400002,65.400002,#EC5B13,7.5,6.8244576
75.67054,20.023813,288,Maharashtra,Jalna,866612,745444,1612056,595979,469547,1065526,BJP,860,63,68.800003,#E69F19,7.5,6.8215675
80.32885,26.442469,489,Uttar Pradesh,Kanpur,889344,721802,1611248,485562,349156,834718,BJP,812,48.400002,54.599998,#E69F19,7.5,6.8181481
79.526596,29.171041,420,Uttarakhand,Nainital-udhamsingh Nagar,857782,753029,1610811,589435,509910,1099345,BJP,878,67.699997,68.699997,#E69F19,7.5,6.816299
87.597298,22.434139,541,West Bengal,Ghatal,835803,774672,1610489,690945,675066,1366019,AITC,927,87.099998,82.699997,green,7.5,6.8149366
77.651924,29.993261,421,Uttar Pradesh,Saharanpur,873318,735452,1608833,652595,540479,1193086,BJP,842,73.5,74.699997,#E69F19,7.5,6.807929
77.53875,21.947407,254,Madhya Pradesh,BETUL,836846,770954,1607831,573928,473282,1047231,BJP,921,61.400002,68.599998,#E69F19,7.5,6.803689
83.738815,24.909554,77,Bihar,Sasaram (SC),859397,748291,1607747,448672,397016,845688,BJP,871,53.099998,52.200001,#E69F19,7.5,6.8033333
79.671326,14.81375,30,Andhra Pradesh,Nellore,796823,809115,1606127,589353,590606,1179968,YSRCP,1015,73,74,#041444,7.5,6.7964783
77.703293,24.882196,252,Madhya Pradesh,GUNA,857327,748265,1605613,580802,394613,975415,INC,873,52.700001,67.699997,#04C4FC,7.5,6.7943029
88.574814,23.281351,515,West Bengal,Ranaghat,831318,771515,1602849,691141,658049,1349190,AITC,928,85.300003,83.099998,green,7.5,6.7826071
80.870049,25.293028,488,Uttar Pradesh,Banda,884779,717011,1601855,473933,384301,858234,BJP,810,53.599998,53.599998,#E69F19,7.5,6.7784009
72.794548,23.182962,137,Gujarat,Ahmedabad East,852765,749057,1601832,557279,422980,980265,BJP,878,56.5,65.300003,#E69F19,7.5,6.7783036
77.128563,17.790087,203,Karnataka,Bidar,839154,761738,1600962,508036,454615,962652,BJP,908,59.700001,60.5,#E69F19,7.5,6.774622
87.807373,22.808868,502,West Bengal,Arambagh,833629,766658,1600293,707257,654127,1361384,AITC,920,85.300003,84.800003,green,7.5,6.771791
78.68367,26.211985,233,Madhya Pradesh,BHIND,892173,707938,1600137,469662,259501,729163,BJP,793,36.700001,52.599998,#E69F19,7.5,6.771131
72.672768,22.776363,126,Gujarat,Kheda,833232,766227,1599476,540239,411083,951323,BJP,920,53.700001,64.800003,#E69F19,7.5,6.7683339
88.496437,22.398472,535,West Bengal,Jadavpur,811441,784269,1595746,666829,605165,1271994,AITC,967,77.199997,82.199997,green,7.5,6.7525501
76.420837,20.47238,264,Maharashtra,Buldhana,844789,750643,1595435,535827,442565,978392,SHS,889,59,63.400002,#EC5B13,7.5,6.7512341
81.137978,26.225473,463,Uttar Pradesh,Rae Bareli,857875,737017,1594954,437762,387368,825130,INC,859,52.599998,51,#04C4FC,7.5,6.7491984
71.874458,21.76317,147,Gujarat,Bhavnagar,834571,759936,1594531,516968,396013,912992,BJP,911,52.099998,61.900002,#E69F19,7.5,6.7474089
73.776382,19.884069,291,Maharashtra,Nashik,850699,743058,1593774,523318,412087,935405,SHS,873,55.5,61.5,#EC5B13,7.5,6.7442055
75.836342,21.036171,285,Maharashtra,Raver,842701,750674,1593389,555229,455617,1010846,BJP,891,60.700001,65.900002,#E69F19,7.5,6.7425761
83.207413,25.369139,472,Uttar Pradesh,Chandauli,887892,705123,1593133,545894,433978,979873,BJP,794,61.5,61.5,#E69F19,7.5,6.7414927
73.185112,28.228731,350,Rajasthan,Bikaner,847726,744629,1592355,526374,402281,928655,BJP,878,54,62.099998,#E69F19,7.5,6.7382007
80.958801,21.398705,104,Chhattisgarh,RAJNANDGAON,797477,793896,1591373,603428,574874,1178302,,996,72.400002,75.699997,red,7.5,6.734045
86.953026,24.566868,166,Jharkhand,Godda,840396,750375,1590772,549854,499254,1049108,BJP,893,66.5,65.400002,#E69F19,7.5,6.7315021
75.075165,20.024426,289,Maharashtra,Aurangabad,846011,743384,1589395,554458,428022,982480,SHS,879,57.599998,65.5,#EC5B13,7.5,6.7256751
77.659233,29.32086,424,Uttar Pradesh,Muzaffarnagar,875179,713220,1588475,618042,484660,1102713,BJP,815,68,70.599998,#E69F19,7.5,6.7217822
87.354332,26.199492,62,Bihar,Araria,843076,744212,1587332,492513,483291,975804,RJD,883,64.900002,58.400002,red,7.5,6.7169452
77.544716,19.60194,293,Maharashtra,Hingoli,839540,746644,1586194,575663,473420,1049085,INC,889,63.400002,68.599998,#04C4FC,7.5,6.7121301
87.787979,23.39101,510,West Bengal,Burdwan - durgapur,821377,762111,1583495,700025,629761,1329789,AITC,928,82.599998,85.199997,green,7.5,6.7007089
87.31147,25.749193,72,Bihar,Purnia,826834,755758,1582626,511262,506106,1017368,JD(U),914,67,61.799999,red,7.5,6.6970315
86.452667,22.582561,162,Jharkhand,Jamshedpur,811632,770030,1581665,548089,501033,1049122,BJP,949,65.099998,67.5,#E69F19,7.5,6.692965
74.982918,15.970703,207,Karnataka,Belgaum,807485,773259,1580895,569642,508074,1077716,BJP,958,65.699997,70.5,#E69F19,7.5,6.6897068
78.07415,26.99465,458,Uttar Pradesh,Fatehpur Sikri,877271,703267,1580582,565514,401637,967152,BJP,802,57.099998,64.5,#E69F19,7.5,6.6883821
84.325966,24.966713,94,Bihar,Karakat,849474,730224,1580558,457406,332394,789800,BLSP,860,45.5,53.799999,red,7.5,6.6882806
76.308876,30.310688,339,Punjab,Patiala,834231,746037,1580273,593609,527264,1120873,AAAP,894,70.699997,71.199997,red,7.5,6.6870747
76.781235,23.987345,240,Madhya Pradesh,RAJGARH,827021,751717,1578757,597753,412196,1009952,BJP,909,54.799999,72.300003,#E69F19,7.5,6.6806593
72.994514,19.811415,295,Maharashtra,Palghar,830398,747673,1578149,531904,460337,992280,BJP,900,61.599998,64.099998,#E69F19,7.5,6.6780868
75.167549,15.324309,195,Karnataka,Dharwad,808768,769269,1578125,562867,477563,1040430,BJP,951,62.099998,69.599998,#E69F19,7.5,6.6779852
78.788033,27.694256,443,Uttar Pradesh,Etah,856985,720450,1577457,520186,405831,926017,BJP,841,56.299999,60.700001,#E69F19,7.5,6.6751585
78.358215,15.495056,33,Andhra Pradesh,Nandyal,783126,793585,1576945,601303,599288,1200607,YSRCP,1013,75.5,76.800003,#041444,7.5,6.6729918
73.523392,22.932096,132,Gujarat,Panchmahal,820230,756434,1576667,512435,414555,926990,BJP,922,54.799999,62.5,#E69F19,7.5,6.6718154
85.593933,26.582144,91,Bihar,Sitamarhi,832370,742498,1574914,448849,451628,900477,BLSP,892,60.799999,53.900002,red,7.5,6.6643972
79.787773,13.929626,36,Andhra Pradesh,Tirupati,778507,795485,1574161,602087,605328,1207418,YSRCP,1022,76.099998,77.300003,#041444,7.5,6.661211
80.476341,16.290016,20,Andhra Pradesh,Guntur,773037,798804,1572017,613894,623668,1237579,TDP,1033,78.099998,79.400002,yellow,7.5,6.6521387
75.614563,16.125847,210,Karnataka,Bagalkot,793354,775172,1568633,561494,517311,1078805,BJP,977,66.699997,70.800003,#E69F19,7.5,6.6378188
78.328773,22.758646,235,Madhya Pradesh,HOSHANGABAD,835566,732614,1568206,593375,436990,1030365,BJP,877,59.599998,71,#E69F19,7.5,6.6360121
76.572853,28.683849,158,Haryana,Rohtak,850127,717381,1567508,578206,465772,1043978,INC,844,64.900002,68,#04C4FC,7.5,6.6330581
85.168732,26.145567,65,Bihar,Vaishali,841773,724500,1566321,480759,445167,925926,LJP,861,61.400002,57.099998,red,7.5,6.6280355
75.255623,12.849572,197,Karnataka,Dakshina Kannada,774454,790765,1565219,595446,611674,1207120,BJP,1021,77.400002,76.900002,#E69F19,7.5,6.6233721
76.370529,31.047239,344,Punjab,Anandpur Sahib,817186,747512,1564721,554688,532346,1087034,SAD,915,71.199997,67.900002,red,7.5,6.6212649
78.395676,20.867987,275,Maharashtra,Wardha,817514,747024,1564552,553504,458674,1012178,BJP,914,61.400002,67.699997,#E69F19,7.5,6.6205497
80.453972,16.84523,39,Andhra Pradesh,Vijayawada,781179,783169,1564513,599506,589998,1189514,TDP,1003,75.300003,76.699997,yellow,7.5,6.6203847
84.313217,26.154049,64,Bihar,Siwan,841735,722100,1563860,443827,440178,884005,BJP,858,61,52.700001,#E69F19,7.5,6.6176214
74.988754,31.315578,343,Punjab,Khadoor Sahib,817134,746233,1563409,534962,505352,1040314,SAD,913,67.699997,65.5,red,7.5,6.6157131
83.346138,20.680712,323,Odisha,Bolangir,814968,747976,1563025,605683,563394,1169117,,918,75.300003,74.300003,red,7.5,6.6140881
75.168732,14.009826,205,Karnataka,Shimoga,778782,783379,1562243,572307,556790,1129107,BJP,1006,71.099998,73.5,#E69F19,7.5,6.6107788
78.04303,29.30393,499,Uttar Pradesh,Bijnor,848418,713587,1562081,575976,482184,1058170,BJP,841,67.599998,67.900002,#E69F19,7.5,6.6100936
76.106674,13.080464,206,Karnataka,Hassan,789847,771551,1561486,585749,560755,1146508,JD(S),977,72.699997,74.199997,red,7.5,6.6075754
75.641479,30.833921,346,Punjab,Ludhiana,835632,725551,1561201,601709,499984,1101693,INC,868,68.900002,72,#04C4FC,7.5,6.6063695
81.246208,23.386248,243,Madhya Pradesh,SHAHDOL,806746,754219,1561016,527809,440179,967988,BJP,935,58.400002,65.400002,#E69F19,7.5,6.6055865
75.572456,14.985744,188,Karnataka,Haveri,807076,751596,1558749,594946,520512,1115458,BJP,931,69.300003,73.699997,#E69F19,7.5,6.5959935
80.643402,27.816822,442,Uttar Pradesh,Dhaurahra,846798,711151,1558041,605084,454769,1059867,BJP,840,63.900002,71.5,#E69F19,7.5,6.5929976
88.220551,22.349854,526,West Bengal,Diamond harbour,816259,739631,1555914,682840,577412,1260252,AITC,906,78.099998,83.699997,green,7.5,6.5839972
76.898453,12.001026,199,Karnataka,Chamarajanagar,789384,766336,1555781,585063,547426,1132497,INC,971,71.400002,74.099998,#04C4FC,7.5,6.5834346
86.488647,20.547771,326,Odisha,Kendrapara,828491,726929,1555444,577477,558439,1135916,,877,76.800003,69.699997,red,7.5,6.5820084
75.566704,31.21277,335,Punjab,Jalandhar,808530,742954,1551497,532265,508444,1040709,INC,919,68.400002,65.800003,#04C4FC,7.5,6.5653062
85.527733,26.118921,60,Bihar,Muzaffarpur,830943,720390,1551363,490949,457916,948865,BJP,867,63.599998,59.099998,#E69F19,7.5,6.5647392
86.284897,24.858128,96,Bihar,Jamui (SC),828406,722499,1550936,415589,360008,775597,LJP,872,49.799999,50.200001,red,7.5,6.5629325
79.04718,18.38579,24,Andhra Pradesh,Karimnagar,777440,773291,1550810,550760,569382,1120142,TRS,995,73.599998,70.800003,#ff3399,7.5,6.5623989
78.643944,14.667988,32,Andhra Pradesh,Kadapa,764947,785380,1550440,583320,606195,1189516,YSRCP,1027,77.199997,76.300003,#041444,7.5,6.5608335
81.047462,27.513784,449,Uttar Pradesh,Sitapur,838148,712053,1550263,581709,444625,1026334,BJP,850,62.400002,69.400002,#E69F19,7.5,6.5600843
90.179367,26.093573,54,Assam,Dhubri,797235,752931,1550166,709038,660085,1369123,AIUDF,944,87.699997,88.900002,red,7.5,6.5596738
77.248024,26.585066,360,Rajasthan,KARAULI-DHOLPUR,845548,703920,1549468,491202,353973,845175,BJP,833,50.299999,58.099998,#E69F19,7.5,6.5567203
86.836166,24.890337,79,Bihar,Banka,824924,724490,1549456,461297,438021,899318,RJD,878,60.5,55.900002,red,7.5,6.5566697
81.584503,24.751278,249,Madhya Pradesh,REWA,821800,722919,1544719,457628,372259,829887,BJP,880,51.5,55.700001,#E69F19,7.5,6.5366244
78.267754,28.806036,426,Uttar Pradesh,Amroha,829444,714712,1544245,589753,505978,1095731,BJP,862,70.800003,71.099998,#E69F19,7.5,6.5346189
88.751808,22.99695,529,West Bengal,Bangaon,796650,744053,1540713,653011,627517,1280528,AITC,934,84.300003,82,green,7.5,6.5196729
70.239502,21.659451,143,Gujarat,Porbandar,807383,731833,1539223,468592,335821,804415,BJP,906,45.900002,58,#E69F19,7.5,6.5133677
84.920097,25.82291,95,Bihar,Saran,832441,706266,1538740,450511,411954,862465,BJP,848,58.299999,54.099998,#E69F19,7.5,6.5113239
87.79007,23.680208,509,West Bengal,Bolpur,798378,740033,1538421,682036,621426,1303462,AITC,927,84,85.400002,green,7.5,6.509974
79.57811,17.950951,41,Andhra Pradesh,Warangal,771760,765862,1537778,590443,580206,1170723,TRS,992,75.800003,76.5,#ff3399,7.5,6.5072532
77.40239,14.79776,31,Andhra Pradesh,Anantapur,775506,761243,1536894,612936,592912,1205849,TDP,982,77.900002,79,yellow,7.5,6.5035124
73.657684,22.167042,142,Gujarat,Chhota Udaipur,798160,738143,1536305,590131,504411,1094542,BJP,925,68.300003,73.900002,#E69F19,7.5,6.50102
78.466698,17.894159,5,Andhra Pradesh,Medak,775560,760532,1536166,605044,583040,1188084,TRS,981,76.699997,78,#ff3399,7.5,6.5004315
84.564842,24.681038,97,Bihar,Aurangabad,825574,710533,1536153,429944,355719,785663,BJP,861,50.099998,52.099998,#E69F19,7.5,6.5003767
76.431854,15.642241,187,Karnataka,Koppal,770316,764694,1535105,526117,480597,1006716,BJP,993,62.799999,68.300003,#E69F19,5,6.4959421
72.59938,23.028582,127,Gujarat,Ahmedabad West,800933,733462,1534400,531702,428771,960475,BJP,916,58.5,66.400002,#E69F19,5,6.4929585
70.019234,23.608656,543,Gujarat,Kachchh,806343,727439,1533782,519100,423463,942563,BJP,902,58.200001,64.400002,#E69F19,5,6.4903436
73.265038,18.073828,280,Maharashtra,Raigad,752491,780290,1532781,485550,502232,987782,SHS,1037,64.400002,64.5,#EC5B13,5,6.4861078
88.113182,23.241674,512,West Bengal,Bardhaman Purba,795545,736693,1532244,682635,637516,1320152,AITC,926,86.5,85.800003,green,5,6.4838352
77.321747,29.677132,422,Uttar Pradesh,Kairana,840629,691073,1531767,617921,500278,1118199,BJP,822,72.400002,73.5,#E69F19,5,6.4818168
88.759178,26.596338,532,West Bengal,Jalpaiguri,795704,735760,1531469,675989,625242,1301231,AITC,925,85,85,green,5,6.480556
74.133171,20.303295,287,Maharashtra,Dindori,808116,722062,1530208,546617,422882,969499,BJP,894,58.599998,67.599998,#E69F19,5,6.4752197
79.213463,24.90509,259,Madhya Pradesh,TIKAMGARH,820670,708167,1528863,466852,299542,766398,BJP,863,42.299999,56.900002,#E69F19,5,6.4695282
85.570168,20.162092,328,Odisha,Bhubaneswar,835850,691665,1527768,485138,406314,891460,,827,58.700001,58,red,5,6.4648948
87.92672,22.193621,505,West Bengal,Tamluk,796779,730482,1527273,684160,650897,1335058,AITC,917,89.099998,85.900002,green,5,6.4628
86.819374,26.211187,67,Bihar,Supaul,797373,728185,1525583,468476,502044,970520,INC,913,68.900002,58.799999,#04C4FC,5,6.4556484
75.618874,23.399883,245,Madhya Pradesh,UJJAIN,790889,734560,1525481,571019,444831,1015857,BJP,929,60.599998,72.199997,#E69F19,5,6.4552169
75.099686,30.045605,340,Punjab,Bathinda,813119,712156,1525289,626895,549533,1176428,SAD,876,77.199997,77.099998,red,5,6.4544044
76.3274,26.884621,368,Rajasthan,Dausa,814648,709447,1524100,518917,409839,928756,BJP,871,57.799999,63.700001,#E69F19,5,6.4493732
92.633888,26.159952,52,Assam,Nowgong,792425,731446,1523881,639499,590545,1230044,BJP,923,80.699997,80.699997,#E69F19,5,6.4484463
83.219139,23.357801,102,Chhattisgarh,SARGUJA,771106,751862,1523022,610812,576493,1187305,,975,76.699997,79.199997,red,5,6.4448113
75.954781,14.408041,189,Karnataka,Davanagere,772126,750480,1522712,581109,533385,1114494,BJP,972,71.099998,75.300003,#E69F19,5,6.4434996
74.358772,30.479425,338,Punjab,Firozpur,808857,713236,1522111,590404,514569,1104973,SAD,882,72.099998,73,red,5,6.4409566
78.116982,23.982157,241,Madhya Pradesh,SAGAR,815511,704754,1520322,536897,354866,891772,BJP,864,50.400002,65.800003,#E69F19,5,6.4333863
85.435272,23.945152,168,Jharkhand,Hazaribagh,812554,706367,1518923,515052,452228,967280,BJP,869,64,63.400002,#E69F19,5,6.4274664
76.886978,13.43202,192,Karnataka,Tumkur,764561,753839,1518518,565126,535597,1100735,INC,986,71,73.900002,#04C4FC,5,6.4257526
75.914948,29.215559,157,Haryana,Hisar,825688,691918,1517606,637448,518049,1155497,INLD,838,74.900002,77.199997,red,5,6.4218931
82.324875,20.818888,106,Chhattisgarh,MAHASAMUND,757694,758435,1516177,576664,554172,1130836,,1001,73.099998,76.099998,red,5,6.4158463
72.003227,24.334059,130,Gujarat,Banaskantha,796124,719587,1515711,511698,371518,883216,BJP,904,51.599998,64.300003,#E69F19,5,6.4138741
91.943398,26.576361,51,Assam,Mangaldoi,791539,724137,1515676,651247,581802,1233049,BJP,915,80.300003,82.300003,#E69F19,5,6.4137263
79.820114,16.365484,18,Andhra Pradesh,Narasaraopet,748474,766262,1514861,635270,640887,1276157,TDP,1024,83.599998,84.900002,yellow,5,6.4102774
88.581024,22.730846,503,West Bengal,Barasat,774305,738463,1512792,669359,596363,1265746,AITC,954,80.800003,86.400002,green,5,6.4015222
88.5047,24.144424,506,West Bengal,Murshidabad,782480,729615,1512098,653122,635049,1288171,CPM,932,87,83.5,#EC2434,5,6.3985858
73.319916,20.584894,144,Gujarat,Valsad,775073,736988,1512061,580599,538185,1118784,BJP,951,73,74.900002,#E69F19,5,6.3984289
86.064758,23.861189,175,Jharkhand,Giridih,811587,700052,1511644,531982,439241,971223,BJP,863,62.700001,65.5,#E69F19,5,6.3966646
86.536285,25.591501,83,Bihar,Khagaria,800786,705750,1506587,445941,450160,896101,LJP,881,63.799999,55.700001,red,5,6.3752651
90.660469,26.619522,57,Assam,Kokrajhar,776151,729307,1505472,636473,587031,1223504,IND,940,80.5,82,red,5,6.3705473
77.414108,29.01519,425,Uttar Pradesh,Baghpat,850681,654413,1505175,582431,421180,1003611,BJP,769,64.400002,68.5,#E69F19,5,6.3692904
88.198959,22.568159,534,West Bengal,Howrah,802653,702441,1505099,621808,503224,1125035,AITC,875,71.599998,77.5,green,5,6.3689685
85.981361,25.9018,82,Bihar,Samastipur (SC),802420,702007,1504451,430782,432401,863183,LJP,875,61.599998,53.700001,red,5,6.3662267
86.91658,23.178368,513,West Bengal,Bankura,775893,727919,1503812,644501,590353,1234854,AITC,938,81.099998,83.099998,green,5,6.3635225
85.047897,24.662714,98,Bihar,Gaya (SC),799210,702311,1501521,442912,364010,806922,BJP,879,51.799999,55.400002,#E69F19,5,6.353828
75.386696,32.064404,341,Punjab,Gurdaspur,784477,715839,1500337,532763,509586,1042349,BJP,913,71.199997,67.900002,#E69F19,5,6.3488178
87.350426,22.143925,504,West Bengal,Medinipur,770363,729306,1499673,647452,613326,1260778,AITC,947,84.099998,84,green,5,6.3460078
86.227104,20.145916,330,Odisha,Jagatsinghpur,797923,701680,1499673,587440,544083,1131526,,879,77.5,73.599998,red,5,6.3460078
76.640549,29.925301,153,Haryana,Kurukshetra,807700,690759,1498459,618481,517170,1135651,BJP,855,74.900002,76.599998,#E69F19,5,6.3408709
78.034149,11.710418,413,Tamil Nadu,Salem,759981,738253,1498350,593293,555869,1149174,ADMK,971,75.300003,78.099998,red,5,6.3404098
72.446808,23.523352,146,Gujarat,Mahesana,777821,720375,1498219,541116,456612,997735,BJP,926,63.400002,69.599998,#E69F19,5,6.3398552
72.788414,22.452957,135,Gujarat,Anand,781118,715737,1496859,539236,427943,967179,BJP,916,59.799999,69,#E69F19,5,6.3341002
78.402878,18.768463,25,Andhra Pradesh,Nizamabad,724523,771586,1496193,467172,559329,1026505,TRS,1065,72.5,64.5,#ff3399,5,6.3312821
86.103157,26.081844,71,Bihar,Darbhanga,797254,698177,1495445,407516,421741,829257,BJP,876,60.400002,51.099998,#E69F19,5,6.3281169
87.621613,24.058535,508,West Bengal,Birbhum,773438,721641,1495089,669860,605076,1274936,AITC,933,83.800003,86.599998,green,5,6.3266106
79.419037,16.857651,14,Andhra Pradesh,Nalgonda,746042,748256,1494343,597237,583448,1180687,INC,1003,78,80.099998,#04C4FC,5,6.3234534
78.389816,29.46665,423,Uttar Pradesh,Nagina,795562,697765,1493419,484049,458292,942349,BJP,877,65.699997,60.799999,#E69F19,5,6.3195438
78.156685,13.230686,193,Karnataka,Kolar,755450,737386,1492977,581924,544042,1125973,INC,976,73.800003,77,#04C4FC,5,6.3176732
79.055969,17.382198,7,Andhra Pradesh,Bhongir,756965,735217,1492240,620408,588076,1208493,TRS,971,80,82,#ff3399,5,6.3145547
88.769951,22.607349,528,West Bengal,Basirhat,777768,712812,1490596,677047,595849,1272897,AITC,916,83.599998,87,green,5,6.3075976
87.723404,21.903055,527,West Bengal,Kanthi,777345,713061,1490409,663897,626338,1290235,AITC,917,87.800003,85.400002,green,5,6.3068066
77.18129,28.58983,119,NCT OF Delhi,NEW DELHI,830322,659749,1490147,545628,422884,968519,BJP,795,64.099998,65.699997,#E69F19,5,6.3056979
88.326935,22.015453,524,West Bengal,Mathurapur,772277,716496,1488785,662025,607691,1269716,AITC,928,84.800003,85.699997,green,5,6.2999344
76.477188,15.045803,201,Karnataka,Bellary,750789,737003,1487945,541905,503534,1045448,BJP,982,68.300003,72.199997,#E69F19,5,6.29638
78.831375,13.877844,29,Andhra Pradesh,Rajampet,735613,752029,1487791,570991,582836,1153835,YSRCP,1022,77.5,77.599998,#041444,5,6.2957282
71.338669,21.398626,136,Gujarat,Amreli,777662,708624,1486286,455668,349837,805505,BJP,911,49.400002,58.599998,#E69F19,5,6.2893596
72.825783,18.961676,305,Maharashtra,Mumbai South,828962,656867,1485844,436292,342366,778666,SHS,792,52.099998,52.599998,#EC5B13,5,6.2874894
85.239189,26.590202,90,Bihar,Sheohar,792374,693355,1485801,433327,409336,842663,BJP,875,59,54.700001,#E69F19,5,6.2873073
70.689529,21.13273,124,Gujarat,Junagadh,772017,713524,1485543,513928,423553,937481,BJP,924,59.400002,66.599998,#E69F19,5,6.2862158
75.728142,31.638849,336,Punjab,Hoshiarpur,762065,723207,1485286,473084,487516,960600,BJP,949,67.400002,62.099998,#E69F19,5,6.2851281
72.759621,21.29355,125,Gujarat,Surat,803829,680212,1484068,538576,407928,946507,BJP,846,60,67,#E69F19,5,6.279974
77.486603,15.590533,23,Andhra Pradesh,Kurnool,738832,742805,1481791,543424,519253,1062680,YSRCP,1005,69.900002,73.599998,#041444,5,6.2703385
79.922241,12.616855,390,Tamil Nadu,Kancheepuram,736993,742956,1480123,572957,554099,1127056,ADMK,1008,74.599998,77.699997,red,5,6.2632804
78.331245,16.337591,16,Andhra Pradesh,Nagarkurnool,745050,732104,1477305,569056,537781,1106865,INC,983,73.5,76.400002,#04C4FC,5,6.2513556
74.820175,31.739805,342,Punjab,Amritsar,779164,698076,1477262,537622,469488,1007110,INC,896,67.300003,69,#04C4FC,5,6.251174
88.453384,23.66131,507,West Bengal,Krishnanagar,769981,706791,1476783,638727,607902,1246629,AITC,918,86,83,green,5,6.2491469
86.950615,22.575155,521,West Bengal,Jhargram,753841,721269,1475112,645909,610427,1256336,AITC,957,84.599998,85.699997,green,5,6.2420759
82.934402,20.064604,324,Odisha,Kalahandi,750694,723392,1474135,576088,539704,1115803,,964,74.599998,76.699997,red,5,6.2379417
76.006737,28.504677,159,Haryana,Bhiwani-Mahendragarh,792166,681746,1473912,559428,470289,1029717,BJP,861,69,70.599998,#E69F19,5,6.2369981
86.358475,23.312092,511,West Bengal,Purulia,764758,707169,1471933,627261,574047,1201309,AITC,925,81.199997,82,green,5,6.2286234
69.915245,22.249641,128,Gujarat,Jamnagar,771003,699937,1470952,484080,364974,849055,BJP,908,52.099998,62.799999,#E69F19,5,6.2244725
89.386162,26.6492,531,West Bengal,Alipurduars,755765,715138,1470911,619392,603041,1222433,AITC,946,84.300003,82,green,5,6.224299
79.354805,15.625997,21,Andhra Pradesh,Ongole,736216,733891,1470212,597957,599889,1197855,YSRCP,997,81.699997,81.199997,#041444,5,6.2213411
87.076256,23.705515,514,West Bengal,Asansol,791896,677774,1469684,633286,509230,1142518,BJP,856,75.099998,80,#E69F19,5,6.2191067
86.626068,21.06036,314,Odisha,Bhadrak,774566,694893,1469498,537329,541995,1079324,,897,78,69.400002,red,5,6.2183199
75.620979,33.223076,181,Jammu & Kashmir,Udhampur,787637,681434,1469072,556791,484338,1041130,BJP,865,71.099998,70.699997,#E69F19,5,6.216517
80.1381,20.026011,284,Maharashtra,Gadchiroli-Chimur,752751,715686,1468437,537674,489980,1027654,BJP,951,68.5,71.400002,#E69F19,5,6.21383
77.361427,8.306941,378,Tamil Nadu,Kanniyakumari,743378,724348,1467796,488828,501284,990114,BJP,974,69.199997,65.800003,#E69F19,5,6.2111173
87.410881,23.174194,516,West Bengal,Bishnupur,759317,707604,1466921,667023,603708,1270731,AITC,932,85.300003,87.800003,green,5,6.2074146
74.405594,19.565153,292,Maharashtra,Shirdi,768181,694085,1462267,519824,412130,931954,SHS,904,59.400002,67.699997,#EC5B13,5,6.1877213
88.652115,22.335173,525,West Bengal,Joynagar,757902,700787,1458724,633029,555516,1188545,AITC,925,79.300003,83.5,green,5,6.1727285
80.829323,24.53359,250,Madhya Pradesh,SATNA,772234,686123,1458381,499873,413407,913280,BJP,888,60.299999,64.699997,#E69F19,5,6.171277
93.605408,26.498747,50,Assam,Kaliabor,752695,704524,1457219,605354,561208,1166562,INC,936,79.699997,80.400002,#04C4FC,5,6.1663599
84.294617,27.150631,61,Bihar,Valmiki Nagar,786312,670236,1456598,484433,415396,899838,BJP,852,62,61.599998,#E69F19,5,6.1637321
78.639954,9.5562859,403,Tamil Nadu,Ramanathapuram,731526,724382,1455988,465142,534167,999323,ADMK,990,73.699997,63.599998,red,5,6.1611509
74.992424,30.627817,347,Punjab,Faridkot,768206,686848,1455075,547017,484634,1031651,AAAP,894,70.599998,71.199997,red,5,6.1572876
88.176231,23.925043,538,West Bengal,Baharampur,752943,700833,1453783,584203,569867,1154070,INC,931,81.300003,77.599998,#04C4FC,5,6.1518202
78.994316,13.254227,35,Andhra Pradesh,Chittoor,723865,727853,1451851,595000,597153,1192153,TDP,1006,82,82.199997,yellow,5,6.1436448
74.611046,14.961987,204,Karnataka,Uttara Kannada,742865,707704,1450599,521220,479217,1000437,BJP,953,67.699997,70.199997,#E69F19,5,6.1383467
88.005295,22.471292,523,West Bengal,Uluberia,761951,686678,1448632,629091,557334,1186425,AITC,901,81.199997,82.599998,green,5,6.130023
81.341095,20.290571,108,Chhattisgarh,KANKER,722916,725459,1448375,515715,500911,1016626,,1004,69,71.300003,red,5,6.1289358
72.875137,19.026192,306,Maharashtra,Mumbai South central,793802,654025,1447886,424310,343790,768130,SHS,824,52.599998,53.5,#EC5B13,5,6.1268663
77.175583,28.683342,115,NCT OF Delhi,CHANDNI CHOWK,791318,655854,1447230,548427,431342,979790,BJP,829,65.800003,69.300003,#E69F19,5,6.1240907
77.746964,14.172292,37,Andhra Pradesh,Hindupur,734674,711755,1446496,598591,572192,1170783,TDP,969,80.400002,81.5,yellow,5,6.1209846
87.688911,25.533245,81,Bihar,Katihar,769044,677392,1446478,495600,481934,977534,NCP,881,71.099998,64.400002,blue,5,6.1209083
77.924141,18.134724,2,Andhra Pradesh,Zahirabad,717891,727389,1445354,546010,546798,1092808,TRS,1013,75.199997,76.099998,#ff3399,5,6.1161523
74.787842,16.490023,185,Karnataka,Chikkodi,746023,696120,1442206,564052,506614,1070668,INC,933,72.800003,75.599998,#04C4FC,5,6.1028309
78.283958,10.03639,410,Tamil Nadu,Madurai,717175,724206,1441434,483389,490525,973940,ADMK,1010,67.699997,67.400002,red,5,6.0995641
77.582275,9.9070177,402,Tamil Nadu,Theni,720709,720492,1441302,528940,546154,1075107,ADMK,1000,75.800003,73.400002,red,5,6.0990057
80.609459,17.3183,4,Andhra Pradesh,Khammam,712310,727861,1440267,586887,592349,1179236,YSRCP,1022,81.400002,82.400002,#041444,5,6.0946259
84.859505,26.508064,89,Bihar,Purvi Champaran,779657,659560,1439253,442071,380577,822648,BJP,846,57.700001,56.700001,#E69F19,5,6.0903349
87.86734,26.180775,70,Bihar,Kishanganj,762874,676103,1438990,471096,457126,928222,INC,886,67.599998,61.799999,#04C4FC,5,6.0892224
88.392281,26.853867,501,West Bengal,Darjeeling,737062,700062,1437154,587016,553877,1140907,BJP,950,79.099998,79.599998,#E69F19,5,6.0814528
88.377945,22.580168,520,West Bengal,Kolkata Uttar,797437,636542,1433985,534806,419974,954783,AITC,798,66,67.099998,green,5,6.0680432
94.770287,27.443005,46,Assam,Lakhimpur,735340,695740,1431080,572467,539555,1112022,BJP,946,77.599998,77.900002,#E69F19,5,6.0557504
83.514732,21.377348,321,Odisha,Bargarh,751140,679485,1430717,595871,526985,1122864,,905,77.599998,79.300003,red,5,6.054214
90.890434,26.360771,59,Assam,Barpeta,755566,674622,1430188,634466,571414,1205880,AIUDF,893,84.699997,84,red,5,6.0519757
81.195457,16.924559,10,Andhra Pradesh,Eluru,706952,720738,1427764,600526,594189,1194720,TDP,1020,82.400002,84.900002,yellow,5,6.0417185
85.716606,25.70739,92,Bihar,Ujiarpur,764186,662004,1426217,433858,425047,858905,BJP,866,64.199997,56.799999,#E69F19,5,6.035172
88.130707,25.205889,519,West Bengal,Maldaha Uttar,740749,684660,1425428,578561,582591,1161152,INC,924,85.099998,78.099998,#04C4FC,5,6.0318332
79.589958,18.789923,12,Andhra Pradesh,Peddapalle,725765,699474,1425355,520741,500992,1021747,TRS,964,71.599998,71.800003,#ff3399,5,6.0315242
75.708397,30.21427,345,Punjab,Sangrur,758197,666535,1424743,583555,516181,1099736,AAAP,879,77.400002,77,red,3.5,6.0289345
82.382195,22.986471,110,Chhattisgarh,KORBA,729951,693664,1423729,545187,506882,1052069,,950,73.099998,74.699997,red,3.5,6.0246439
84.977997,25.101929,99,Bihar,Jahanabad,751585,671629,1423246,445501,365502,811003,BLSP,894,54.400002,59.299999,red,3.5,6.0226002
80.270866,13.143373,394,Tamil Nadu,Chennai North,707700,714428,1422392,463981,445554,909539,ADMK,1010,62.400002,65.599998,red,3.5,6.0189862
81.700592,16.994579,13,Andhra Pradesh,Rajahmundry,707152,714021,1421276,575432,574132,1149575,TDP,1010,80.400002,81.400002,yellow,3.5,6.0142636
77.605644,8.5573826,377,Tamil Nadu,Tirunelveli,705592,714823,1420435,468701,492310,961013,ADMK,1013,68.900002,66.400002,red,3.5,6.010705
77.850967,16.755157,38,Andhra Pradesh,Mahbubnagar,713064,705447,1418668,509912,499391,1009304,TRS,989,70.800003,71.5,#ff3399,3.5,6.0032277
82.234131,17.226692,27,Andhra Pradesh,Kakinada,709103,709050,1418290,555263,538635,1093933,TDP,1000,76,78.300003,yellow,3.5,6.0016284
73.103157,21.77643,141,Gujarat,Bharuch,734862,682658,1417548,562549,493760,1056319,BJP,929,72.300003,76.599998,#E69F19,3.5,5.9984884
76.714928,29.15152,156,Haryana,Sonipat,777824,639364,1417188,551189,434412,985601,BJP,822,67.900002,70.900002,#E69F19,3.5,5.9969649
84.188431,18.648098,9,Andhra Pradesh,Srikakulam,706347,707248,1413726,503114,543763,1046877,TDP,1001,76.900002,71.199997,yellow,3.5,5.9823151
84.697556,26.812534,68,Bihar,Paschim Champaran,769411,643703,1413148,469048,385593,854641,BJP,837,59.900002,61,#E69F19,3.5,5.9798694
78.717453,11.72418,391,Tamil Nadu,Kallakurichi,707219,705147,1412499,541221,562429,1103662,ADMK,997,79.800003,76.5,red,3.5,5.9771233
78.658989,10.011496,401,Tamil Nadu,Sivaganga,704489,707884,1412373,474734,551559,1026293,ADMK,1005,77.900002,67.400002,red,3.5,5.9765897
74.064293,22.936943,133,Gujarat,Dahod,712183,699578,1411765,466791,428519,895311,BJP,982,61.299999,65.5,#E69F19,3.5,5.9740171
84.510574,22.079777,320,Odisha,Sundargarh,718689,691817,1410532,515013,493933,1008946,,963,71.400002,71.699997,red,3.5,5.9687996
84.681084,19.660482,329,Odisha,Aska,750999,657756,1408780,449644,446046,895690,,876,67.800003,59.900002,red,3.5,5.9613857
88.409912,22.670879,542,West Bengal,Dum dum,715569,690401,1405981,590114,539290,1129404,AITC,965,78.099998,82.5,green,3.5,5.9495416
85.433311,19.915201,333,Odisha,Puri,742939,661592,1404581,568551,469388,1037939,,891,70.900002,76.5,red,3.5,5.9436173
83.520004,18.310116,26,Andhra Pradesh,Vizianagaram,700639,702984,1403736,554616,564891,1119507,TDP,1003,80.400002,79.199997,yellow,3.5,5.9400415
78.855492,22.121378,253,Madhya Pradesh,CHHINDWARA,722052,679956,1402038,584697,522618,1107315,INC,942,76.900002,81,#04C4FC,3.5,5.9328561
79.427979,13.002702,383,Tamil Nadu,Arakkonam,693100,708671,1401813,543169,543863,1087042,ADMK,1022,76.699997,78.400002,red,3.5,5.9319043
82.831581,17.666245,6,Andhra Pradesh,Anakapalli,689109,712301,1401474,561825,582294,1144120,TDP,1034,81.699997,81.5,yellow,3.5,5.9304695
77.769539,10.349936,382,Tamil Nadu,Dindigul,696160,704264,1400531,538102,544003,1082129,ADMK,1012,77.199997,77.300003,red,3.5,5.9264793
76.104584,30.708836,337,Punjab,Fatehgarh Sahib,740390,656554,1396957,551095,479741,1030836,AAAP,887,73.099998,74.400002,red,3.5,5.9113555
80.308327,15.879751,22,Andhra Pradesh,Bapatla,686494,706353,1392964,583921,594010,1177932,TDP,1029,84.099998,85.099998,yellow,3.5,5.8944588
88.085899,24.297934,517,West Bengal,Jangipur,714890,676753,1391656,559290,559068,1118358,INC,947,82.599998,78.199997,#04C4FC,3.5,5.8889241
88.119644,25.867285,540,West Bengal,Raiganj,724014,663479,1387526,563566,543020,1106586,CPM,916,81.800003,77.800003,#EC2434,3.5,5.8714476
75.414398,13.41318,191,Karnataka,Udupi Chikmagalur,679285,707947,1387294,510562,522488,1033051,BJP,1042,73.800003,75.199997,#E69F19,3.5,5.8704658
80.462212,17.914938,34,Andhra Pradesh,Mahabubabad,688341,698868,1387288,560443,560406,1120853,TRS,1015,80.199997,81.400002,#ff3399,3.5,5.8704405
78.848236,10.609274,406,Tamil Nadu,Tiruchirappalli,689228,697829,1387140,490711,494904,985655,ADMK,1012,70.900002,71.199997,red,3.5,5.8698139
79.513687,11.978337,399,Tamil Nadu,Viluppuram,694932,691942,1387007,535359,528788,1064158,ADMK,996,76.400002,77,red,3.5,5.8692513
78.812912,19.330114,28,Andhra Pradesh,Adilabad,687421,698717,1386282,518481,525482,1043965,TRS,1016,75.199997,75.400002,#ff3399,3.5,5.8661833
77.496017,9.1808376,376,Tamil Nadu,Tenkasi,688958,693084,1382081,489624,525986,1015613,ADMK,1006,75.900002,71.099998,red,3.5,5.8484063
77.05378,10.616227,407,Tamil Nadu,Pollachi,686943,694524,1381505,513435,496880,1010321,ADMK,1011,71.5,74.699997,red,3.5,5.8459692
78.032562,12.489073,385,Tamil Nadu,Krishnagiri,705468,674363,1379957,546295,522804,1069117,ADMK,956,77.5,77.400002,red,3.5,5.8394184
77.50631,11.50219,412,Tamil Nadu,Tiruppur,697730,677801,1375589,543168,505372,1048544,ADMK,971,74.599998,77.800003,red,3.5,5.8209348
85.472626,20.435141,327,Odisha,Cuttack,731912,639680,1371617,522746,455864,978610,,874,71.300003,71.400002,red,3.5,5.8041267
79.433517,12.469994,386,Tamil Nadu,Arani,683921,685715,1369668,546222,546279,1092502,ADMK,1003,79.699997,79.900002,red,3.5,5.7958794
80.983345,16.282227,19,Andhra Pradesh,Machilipatnam,675783,693423,1369311,564406,569695,1134104,TDP,1026,82.199997,83.5,yellow,3.5,5.7943687
73.642517,16.554113,298,Maharashtra,Ratnagiri - sindhudurg,665658,701697,1367362,444269,451748,896017,SHS,1054,64.400002,66.699997,#EC5B13,3.5,5.7861214
86.988083,21.594311,317,Odisha,Balasore,709342,656857,1366218,531346,516773,1048119,,926,78.699997,74.900002,red,3.5,5.7812805
79.311722,11.257182,393,Tamil Nadu,Chidambaram,686862,679307,1366190,530346,556097,1086444,ADMK,989,81.900002,77.199997,red,3.5,5.7811623
85.378647,20.943813,322,Odisha,Dhenkanal,722329,641088,1363471,551212,488983,1040200,,888,76.300003,76.300003,red,3.5,5.7696562
78.14946,12.064039,409,Tamil Nadu,Dharmapuri,696496,661700,1358273,567657,533724,1101416,PMK,950,80.699997,81.5,red,3.5,5.7476606
82.023911,16.665276,17,Andhra Pradesh,Amalapuram,682606,675208,1357865,565013,548900,1113914,TDP,989,81.300003,82.800003,yellow,3.5,5.745934
87.622101,24.801445,164,Jharkhand,Rajmahal,691403,662063,1353467,490824,460471,951295,JMM,958,69.599998,71,red,3.5,5.7273235
78.880653,12.349769,387,Tamil Nadu,Tiruvannamalai,675321,677622,1352966,527265,536809,1064076,ADMK,1003,79.199997,78.099998,red,3.5,5.7252035
78.471245,30.811068,418,Uttarakhand,Tehri Garhwal,711671,640943,1352614,400041,370827,770868,BJP,901,57.900002,56.200001,#E69F19,3.5,5.7237139
77.908119,9.5520887,411,Tamil Nadu,Virudhunagar,669589,680818,1350495,496203,512880,1009119,ADMK,1017,75.300003,74.099998,red,3.5,5.7147474
79.557571,11.060841,380,Tamil Nadu,Mayiladuthurai,679940,670377,1350318,503104,520845,1023950,ADMK,986,77.699997,74,red,3.5,5.7139983
87.97554,24.901731,539,West Bengal,Maldaha Dakshin,692386,654741,1347143,545088,544292,1089380,INC,946,83.099998,78.699997,#04C4FC,3.5,5.700563
85.795799,21.547674,318,Odisha,Keonjhar,691369,655285,1346683,550293,532437,1082730,,948,81.300003,79.599998,red,3.5,5.6986165
79.230629,10.581463,405,Tamil Nadu,Thanjavur,662571,677465,1340050,480904,528697,1009604,ADMK,1022,78,72.599998,red,3.5,5.6705484
84.351532,19.212257,334,Odisha,Berhampur,680089,654171,1334268,450468,454066,904534,,962,69.400002,66.199997,red,3.5,5.646081
78.120941,11.342834,404,Tamil Nadu,Namakkal,661113,668368,1329552,532212,526436,1058676,ADMK,1011,78.800003,80.5,red,3.5,5.6261249
80.247116,13.07283,395,Tamil Nadu,Chennai central,665282,662504,1328038,421903,392161,814079,ADMK,996,59.200001,63.400002,red,3.5,5.6197186
86.433365,21.982822,319,Odisha,Mayurbhanj,670100,657438,1327555,522251,528655,1050906,,981,80.400002,77.900002,red,3.5,5.6176744
81.596146,16.598112,15,Andhra Pradesh,Narsapuram,652598,672304,1325028,536507,546670,1083177,BJP,1030,81.300003,82.199997,#E69F19,3.5,5.6069813
76.904396,9.3417521,212,Kerala,Pathanamthitta,631495,692411,1323906,425887,444099,869986,INC,1096,64.099998,67.400002,#04C4FC,3.5,5.6022334
77.630463,10.986548,375,Tamil Nadu,Erode,656661,664670,1321399,510564,495852,1006429,ADMK,1012,74.599998,77.800003,red,3.5,5.5916247
84.623749,23.948668,173,Jharkhand,Chatra,696501,616060,1312562,383214,329747,712961,BJP,885,53.5,55,#E69F19,3.5,5.5542302
78.834297,12.822353,389,Tamil Nadu,Vellore,652066,660173,1312259,483341,490341,973687,ADMK,1012,74.300003,74.099998,red,3.5,5.552948
78.004295,8.8908653,396,Tamil Nadu,Thoothukkudi,651207,659197,1310406,448396,466414,914811,ADMK,1012,70.800003,68.900002,red,3.5,5.5451069
86.152191,20.855932,315,Odisha,Jajpur,696385,607337,1303733,522476,456676,979152,,872,75.199997,75,red,3.5,5.5168695
75.120026,33.788433,179,Jammu & Kashmir,Anantnag,685000,616104,1301143,211595,163643,375238,JKPDP,899,26.6,30.9,red,3.5,5.5059094
83.192734,19.089138,332,Odisha,Koraput,629268,671019,1300437,485037,504205,989243,,1066,75.099998,77.099998,red,3.5,5.5029221
78.219322,10.676721,408,Tamil Nadu,Karur,641693,656598,1298322,510504,533334,1043857,ADMK,1023,81.199997,79.599998,red,3.5,5.4939723
81.281883,18.95079,109,Chhattisgarh,BASTAR,632842,665241,1298083,386189,383710,769899,,1051,57.700001,61,red,3.5,5.4929609
82.170158,18.901768,331,Odisha,Nabarangpur,645875,651286,1297210,512473,509104,1021577,,1008,78.199997,79.300003,red,3.5,5.4892669
84.515327,21.296995,316,Odisha,Sambalpur,669036,627982,1297098,504240,476826,981068,,939,75.900002,75.400002,red,3.5,5.4887929
88.464714,22.836985,533,West Bengal,Barrackpore,682366,604844,1287222,567286,481436,1048722,AITC,886,79.599998,83.099998,green,3.5,5.4470015
78.631561,11.080791,381,Tamil Nadu,Perambalur,634391,651159,1285576,498647,528957,1027622,ADMK,1026,81.199997,78.599998,red,3.5,5.4400363
76.258171,10.474305,216,Kerala,Thrissur,606518,668770,1275288,433933,485624,919557,CPI,1103,72.599998,71.5,red,3.5,5.3965015
87.123764,24.16205,165,Jharkhand,Dumka,658403,614641,1273049,466619,435895,902514,JMM,934,70.900002,70.900002,red,3.5,5.3870273
77.080917,8.4659462,214,Kerala,Thiruvananthapuram,614438,658310,1272748,433243,437404,870647,INC,1071,66.400002,70.5,#04C4FC,3.5,5.3857536
82.606361,18.088041,3,Andhra Pradesh,Aruku,622101,650158,1272340,450038,456802,906864,YSRCP,1045,70.300003,72.300003,#041444,3.5,5.384027
76.412788,9.4434958,225,Kerala,Alappuzha,611877,659447,1271324,477034,517975,995009,INC,1078,78.5,78,#04C4FC,3.5,5.3797278
76.915077,11.465066,392,Tamil Nadu,Nilgiris,629707,639433,1269173,472256,458764,931024,ADMK,1015,71.699997,75,red,3.5,5.3706255
79.172012,30.237717,419,Uttarakhand,Garhwal,651868,615350,1267218,320955,357047,678002,BJP,944,58,49.200001,#E69F19,3.5,5.3623528
93.020622,26.799097,49,Assam,Tezpur,654866,604702,1259568,505481,475043,980524,BJP,923,78.599998,77.199997,#E69F19,3.5,5.3299809
76.312752,32.454079,149,Himachal Pradesh,Kangra,645888,612713,1258601,389575,408414,797989,BJP,949,66.699997,60.299999,#E69F19,3.5,5.3258891
88.522263,25.374611,518,West Bengal,Balurghat,653841,600646,1254497,548053,513027,1061080,AITC,919,85.400002,83.800003,green,3.5,5.3085227
80.054619,29.899473,416,Uttarakhand,Almora,639362,614162,1253541,316094,339409,655504,BJP,961,55.299999,49.400002,#E69F19,3.5,5.3044772
76.655235,9.1999798,213,Kerala,Mavelikkara,592702,659966,1252668,416193,470987,887180,INC,1113,71.400002,70.199997,#04C4FC,3.5,5.3007832
76.98513,8.6731596,219,Kerala,Attingal,575780,675618,1251398,394491,462016,856507,CPM,1173,68.400002,68.5,#EC2434,3.5,5.2954087
76.161064,11.520476,229,Kerala,Wayanad,614822,634598,1249420,454055,460171,914226,INC,1032,72.5,73.900002,#04C4FC,3.5,5.2870388
91.419067,23.60775,415,Tripura,Tripura West,635974,612572,1248546,543278,523020,1066298,CPM,963,85.400002,85.400002,#EC2434,3.5,5.2833405
79.384407,11.599905,400,Tamil Nadu,Cuddalore,625652,622218,1247908,485201,497002,982208,ADMK,995,79.900002,77.599998,red,3.5,5.2806406
76.400154,31.623213,148,Himachal Pradesh,Hamirpur,633572,614126,1247699,394620,438467,833087,BJP,969,71.400002,62.299999,#E69F19,3.5,5.2797561
75.187943,12.387557,218,Kerala,Kasaragod,595047,648683,1243730,459280,514333,973613,CPM,1090,79.300003,77.199997,#EC2434,3.5,5.2629609
76.936142,8.9189138,227,Kerala,Kollam,575296,644119,1219415,406898,469024,875922,RSP,1120,72.800003,70.699997,red,3.5,5.1600699
76.539658,10.60682,217,Kerala,Alathur,591950,624401,1216351,452923,474384,927307,CPM,1055,76,76.5,#EC2434,3.5,5.1471043
79.649696,10.645762,397,Tamil Nadu,Nagapattinam,606339,604280,1210626,452899,486855,939756,ADMK,997,80.599998,74.699997,red,3.5,5.1228786
76.517311,10.941388,215,Kerala,Palakkad,587366,621360,1208726,444249,465167,909416,CPM,1058,74.900002,75.599998,#EC2434,3.5,5.1148381
74.856308,34.116341,178,Jammu & Kashmir,Srinagar,631520,575702,1207230,178779,133429,312208,JKPDP,912,23.200001,28.299999,red,3.5,5.1085076
76.104225,11.070609,211,Kerala,Malappuram,598207,600237,1198444,415672,437264,852936,IUML,1003,72.800003,69.5,red,3.5,5.0713291
74.513016,34.431744,180,Jammu & Kashmir,Baramulla,624014,566724,1190766,256288,209691,465979,JKPDP,908,37,41.099998,red,3.5,5.0388389
94.638702,26.891426,48,Assam,Jorhat,611283,578203,1189486,483784,447088,930872,BJP,946,77.300003,79.099998,#E69F19,3.5,5.0334225
94.469971,26.061674,313,Nagaland,Nagaland,600518,582454,1182972,528703,510521,1039224,NPF,970,87.699997,88,red,3.5,5.0058579
75.697906,11.657754,220,Kerala,Vadakara,561168,621336,1182504,436972,520810,957782,INC,1107,83.800003,77.900002,#04C4FC,3.5,5.0038776
75.862206,11.384003,221,Kerala,Kozhikode,571709,610775,1182484,456299,484028,940327,INC,1068,79.199997,79.800003,#04C4FC,3.5,5.0037928
76.008804,10.864844,230,Kerala,Ponnani,574106,606683,1180789,405012,466307,871319,IUML,1057,76.900002,70.5,red,3.5,4.9966202
75.576332,11.993821,222,Kerala,Kannur,548454,621812,1170266,438891,506993,945884,CPM,1134,81.5,80,#EC2434,3.5,4.9520912
92.474388,24.552464,55,Assam,Karimganj,615198,550799,1165997,481673,404641,886314,AIUDF,895,73.5,78.300003,red,3.5,4.9340267
76.568237,9.7238245,226,Kerala,Kottayam,573572,587893,1161465,426604,404356,830960,KEC(M),1025,68.800003,74.400002,red,3.5,4.9148488
76.989792,9.8976946,224,Kerala,Idukki,578849,579886,1158735,424879,394103,818982,IND,1002,68,73.400002,red,3.5,4.9032965
76.282761,10.034523,228,Kerala,Ernakulam,565836,590656,1156492,428604,421361,849965,INC,1044,71.300003,75.699997,#04C4FC,3.5,4.893805
77.399681,30.968246,150,Himachal Pradesh,Shimla,607137,546225,1153363,403062,333715,736777,BJP,900,61.099998,66.400002,#E69F19,3.5,4.8805647
85.565918,22.442068,163,Jharkhand,Singhbhum,583330,569300,1152632,403571,391653,795224,BJP,976,68.800003,69.199997,#E69F19,3.5,4.8774714
76.467117,10.220501,223,Kerala,Chalakudy,565083,585414,1150497,437197,446915,884112,IND,1036,76.300003,77.400002,red,3.5,4.8684368
77.603195,32.078419,151,Himachal Pradesh,Mandi,587833,562575,1150408,377093,347977,725070,BJP,957,61.900002,64.099998,#E69F19,3.5,4.8680601
84.241203,20.254242,325,Odisha,Kandhamal,582340,561228,1143602,422515,416406,838921,,964,74.199997,72.599998,red,3.5,4.8392601
91.887802,23.806429,414,Tripura,Tripura East,581604,558672,1140276,486129,459313,945442,CPM,961,82.199997,83.599998,#EC2434,3.5,4.8251858
95.262108,27.372364,47,Assam,Dibrugarh,579658,544647,1124305,462187,428637,890824,BJP,940,78.699997,79.699997,#E69F19,3.5,4.7576027
84.633644,23.234928,171,Jharkhand,Lohardaga,578880,540264,1119144,333825,317508,651333,BJP,933,58.799999,57.700001,#E69F19,3.5,4.7357635
85.021484,22.789576,172,Jharkhand,Khunti,565457,546398,1111856,373314,364162,737476,BJP,966,66.599998,66,#E69F19,3.5,4.7049236
92.862053,24.813927,56,Assam,Silchar,554540,505558,1060175,428972,370918,799890,INC,912,73.400002,77.400002,#04C4FC,3.5,4.4862309
91.772461,25.514271,263,Meghalaya,Shillong,480409,500331,980740,292971,326895,619866,INC,1041,65.300003,61,#04C4FC,3.5,4.150094
93.881248,24.734163,232,Manipur,Outer manipur,454314,464695,919009,379493,393746,773239,INC,1023,84.699997,83.5,#04C4FC,3.5,3.8888733
79.756508,11.926641,348,Puducherry,Puducherry,432048,469289,901357,351544,388189,739750,AINRC,1086,82.699997,81.400002,red,3.5,3.8141773
93.893829,24.720222,231,Manipur,Inner manipur,417103,438257,855360,307043,334205,641248,INC,1051,76.300003,73.599998,#04C4FC,3.5,3.6195366
93.112198,25.84598,53,Assam,Autonomous District,359058,343172,702230,279451,263869,543320,INC,956,76.900002,77.800003,#04C4FC,3.5,2.9715526
92.836777,23.306585,312,Mizoram,MIZORAM,346219,355951,702170,212673,213477,426150,INC,1028,60,61.400002,#04C4FC,3.5,2.9712987
76.781471,30.730057,111,Chandigarh,CHANDIGARH,333621,281593,615214,244907,208415,453322,BJP,844,74,73.400002,#E69F19,3.5,2.6033361
90.42305,25.572458,262,Meghalaya,Tura,297230,289271,586501,232357,225763,458120,NPEP,973,78,78.199997,red,3.5,2.5
74.11055,15.211731,121,Goa,South Goa,272438,272898,545336,195128,214329,409457,BJP,1002,78.5,71.599998,#E69F19,3.5,2.5
73.974724,15.575136,122,Goa,North Goa,255870,259571,515441,199489,205701,405190,BJP,1014,79.199997,78,#E69F19,3.5,2.5
95.87429,28.240156,44,Arunachal Pradesh,ARUNACHAL WEST,219415,227225,446640,155623,170663,326286,BJP,1036,75.099998,70.900002,#E69F19,3.5,2.5
88.477348,27.571156,374,Sikkim,Sikkim,191017,179753,370770,153370,146197,299567,SDF,941,81.300003,80.300003,red,3.5,2.5
93.476967,27.829809,45,Arunachal Pradesh,ARUNACHAL EAST,160151,152553,312704,126888,128574,255462,INC,953,84.300003,79.199997,#04C4FC,3.5,2.5
92.875061,12.903172,1,Andaman & Nicobar Islands,Andaman & Nicobar Islands,142783,126577,269360,101129,89084,190213,BJP,886,70.400002,70.800003,#E69F19,3.5,2.5
73.070656,20.195053,120,Dadra & Nagar Haveli,Dadar & Nagar Haveli,106203,90394,196597,87792,77494,165286,BJP,851,85.699997,82.699997,#E69F19,3.5,2.5
77.523857,33.901825,176,Jammu & Kashmir,Ladakh,86256,80503,166763,57162,60002,117164,BJP,933,74.5,66.300003,#E69F19,3.5,2.5
72.852356,20.414064,112,Daman & Diu,Daman & diu,57011,54816,111827,42355,44873,87228,BJP,961,81.900002,74.300003,#E69F19,3.5,2.5
74.042969,11.27695,544,Lakshadweep,Lakshadweep,25433,24489,49922,21584,21655,43239,NCP,963,88.400002,84.900002,blue,3.5,2.5
